drug,visitation_freq
fostamatinib,0.0018634995105531482
zinc,0.0008000071629013131
lasofoxifene,0.0001942667488805765
sunitinib,0.00014113346636793504
dasatinib,0.00012046650657495685
resveratrol,0.0001090195629960484
bosutinib,9.938982185924182e-05
aspirin,8.825419430207057e-05
arsenic trioxide,8.520603732889221e-05
tamoxifen,8.35055898154411e-05
pseudoephedrine,6.620425436692788e-05
