drug,visitation_freq_of_AML
lasofoxifene,0.0023207584787101783
sunitinib,0.0016211112204296575
zinc,0.00036870371331334205
fostamatinib,0.0003132134139001645
dasatinib,0.00025247495484174737
pseudoephedrine,0.0002516226190809841
arsenic trioxide,0.00024074594290653546
tamoxifen,0.00023078294472109377
aspirin,0.0002154890139908415
bosutinib,0.00021180071462059577
resveratrol,0.0001975928538665396
